{
  "converged": true,
  "iters": 4,
  "res_norm": 2.7711166694643907e-13,
  "xD_bz": 0.953196199468489,
  "xB_bz": 0.046803800531512556,
  "xB_tol": 0.9531961994684874,
  "flows": {
    "L": 125.0,
    "V": 175.0,
    "Ls": 225.0,
    "Vs": 175.0,
    "B": 50.0
  },
  "spec": {
    "n_stages": 15,
    "feed_stage": 8,
    "P_mmHg": 760.0,
    "F": 100.0,
    "zF_bz": 0.5,
    "q": 1.0,
    "D": 50.0,
    "R": 2.5
  }
}