{
  "converged": false,
  "iters": 60,
  "res_norm": 2.496931104894773,
  "xD_bz": 0.9998301947187322,
  "xB_bz": 0.2508620240206933,
  "xB_tol": 0.7491379759793066,
  "flows": {
    "L": 100.0,
    "V": 140.0,
    "Ls": 180.0,
    "Vs": 140.0,
    "B": 40.0
  },
  "spec": {
    "n_stages": 15,
    "feed_stage": 8,
    "P_mmHg": 760.0,
    "F": 80.0,
    "zF_bz": 0.55,
    "q": 1.0,
    "D": 40.0,
    "R": 2.5
  }
}