{
  "converged": false,
  "iters": 60,
  "res_norm": 6.619291149319212,
  "xD_bz": 0.5548172716180854,
  "xB_bz": 1e-08,
  "xB_tol": 0.99999999,
  "flows": {
    "L": 100.0,
    "V": 140.0,
    "Ls": 180.0,
    "Vs": 140.0,
    "B": 40.0
  },
  "spec": {
    "n_stages": 15,
    "feed_stage": 8,
    "P_mmHg": 760.0,
    "F": 80.0,
    "zF_bz": 0.45,
    "q": 1.0,
    "D": 40.0,
    "R": 2.5
  }
}