{
  "converged": false,
  "iters": 60,
  "res_norm": 3.745396657342239,
  "xD_bz": 0.999830194718637,
  "xB_bz": 0.2508620237566671,
  "xB_tol": 0.7491379762433329,
  "flows": {
    "L": 150.0,
    "V": 210.0,
    "Ls": 270.0,
    "Vs": 210.0,
    "B": 60.0
  },
  "spec": {
    "n_stages": 15,
    "feed_stage": 8,
    "P_mmHg": 760.0,
    "F": 120.0,
    "zF_bz": 0.55,
    "q": 1.0,
    "D": 60.0,
    "R": 2.5
  }
}