{
  "converged": false,
  "iters": 60,
  "res_norm": 9.928936723978824,
  "xD_bz": 0.5548172716268103,
  "xB_bz": 1e-08,
  "xB_tol": 0.99999999,
  "flows": {
    "L": 150.0,
    "V": 210.0,
    "Ls": 270.0,
    "Vs": 210.0,
    "B": 60.0
  },
  "spec": {
    "n_stages": 15,
    "feed_stage": 8,
    "P_mmHg": 760.0,
    "F": 120.0,
    "zF_bz": 0.45,
    "q": 1.0,
    "D": 60.0,
    "R": 2.5
  }
}