{
  "converged": true,
  "iters": 4,
  "res_norm": 3.456372310482047e-13,
  "xD_bz": 0.9685216858956833,
  "xB_bz": 0.03147831410431684,
  "xB_tol": 0.9685216858956831,
  "flows": {
    "L": 100.0,
    "V": 140.0,
    "Ls": 180.0,
    "Vs": 140.0,
    "B": 40.0
  },
  "spec": {
    "n_stages": 15,
    "feed_stage": 8,
    "P_mmHg": 760.0,
    "F": 80.0,
    "zF_bz": 0.5,
    "q": 1.0,
    "D": 40.0,
    "R": 2.5
  }
}