{
  "converged": true,
  "iters": 4,
  "res_norm": 5.1134399400104e-13,
  "xD_bz": 0.9685216858956828,
  "xB_bz": 0.03147831410431464,
  "xB_tol": 0.9685216858956853,
  "flows": {
    "L": 150.0,
    "V": 210.0,
    "Ls": 270.0,
    "Vs": 210.0,
    "B": 60.0
  },
  "spec": {
    "n_stages": 15,
    "feed_stage": 8,
    "P_mmHg": 760.0,
    "F": 120.0,
    "zF_bz": 0.5,
    "q": 1.0,
    "D": 60.0,
    "R": 2.5
  }
}