{
  "converged": false,
  "iters": 60,
  "res_norm": 8.274113936649016,
  "xD_bz": 0.5548172716253327,
  "xB_bz": 1e-08,
  "xB_tol": 0.99999999,
  "flows": {
    "L": 125.0,
    "V": 175.0,
    "Ls": 225.0,
    "Vs": 175.0,
    "B": 50.0
  },
  "spec": {
    "n_stages": 15,
    "feed_stage": 8,
    "P_mmHg": 760.0,
    "F": 100.0,
    "zF_bz": 0.45,
    "q": 1.0,
    "D": 50.0,
    "R": 2.5
  }
}