{
  "converged": false,
  "iters": 60,
  "res_norm": 3.121163881118436,
  "xD_bz": 0.9998301947186223,
  "xB_bz": 0.2508620236638011,
  "xB_tol": 0.7491379763361989,
  "flows": {
    "L": 125.0,
    "V": 175.0,
    "Ls": 225.0,
    "Vs": 175.0,
    "B": 50.0
  },
  "spec": {
    "n_stages": 15,
    "feed_stage": 8,
    "P_mmHg": 760.0,
    "F": 100.0,
    "zF_bz": 0.55,
    "q": 1.0,
    "D": 50.0,
    "R": 2.5
  }
}