{
  "converged": false,
  "iters": 60,
  "res_norm": 5.474451229671869,
  "xD_bz": 0.9993286475362264,
  "xB_bz": 1e-08,
  "xB_tol": 0.99999999,
  "flows": {
    "L": 125.0,
    "V": 175.0,
    "Ls": 175.0,
    "Vs": 225.0,
    "B": 50.0
  },
  "spec": {
    "n_stages": 15,
    "feed_stage": 8,
    "P_mmHg": 760.0,
    "F": 100.0,
    "zF_bz": 0.5,
    "q": 0.5,
    "D": 50.0,
    "R": 2.5
  }
}