{
  "converged": true,
  "iters": 4,
  "res_norm": 3.037933755426813e-13,
  "xD_bz": 0.967711816608151,
  "xB_bz": 0.032288183391849044,
  "xB_tol": 0.967711816608151,
  "flows": {
    "L": 125.0,
    "V": 175.0,
    "Ls": 225.0,
    "Vs": 175.0,
    "B": 50.0
  },
  "spec": {
    "n_stages": 15,
    "feed_stage": 9,
    "P_mmHg": 760.0,
    "F": 100.0,
    "zF_bz": 0.5,
    "q": 1.0,
    "D": 50.0,
    "R": 2.5
  }
}