{
  "converged": true,
  "iters": 4,
  "res_norm": 3.730856858744879e-13,
  "xD_bz": 0.9572498065806925,
  "xB_bz": 0.04275019341930563,
  "xB_tol": 0.9572498065806944,
  "flows": {
    "L": 125.0,
    "V": 175.0,
    "Ls": 225.0,
    "Vs": 175.0,
    "B": 50.0
  },
  "spec": {
    "n_stages": 15,
    "feed_stage": 11,
    "P_mmHg": 760.0,
    "F": 100.0,
    "zF_bz": 0.5,
    "q": 1.0,
    "D": 50.0,
    "R": 2.5
  }
}