{
  "converged": true,
  "iters": 3,
  "res_norm": 2.144676520623857e-10,
  "xD_bz": 0.9630423526378177,
  "xB_bz": 0.03695764736202125,
  "xB_tol": 0.9630423526379788,
  "flows": {
    "L": 125.0,
    "V": 175.0,
    "Ls": 225.0,
    "Vs": 175.0,
    "B": 50.0
  },
  "spec": {
    "n_stages": 15,
    "feed_stage": 6,
    "P_mmHg": 760.0,
    "F": 100.0,
    "zF_bz": 0.5,
    "q": 1.0,
    "D": 50.0,
    "R": 2.5
  }
}