{
  "converged": false,
  "iters": 60,
  "res_norm": 15.963631296126035,
  "xD_bz": 0.9981257562966147,
  "xB_bz": 1e-08,
  "xB_tol": 0.99999999,
  "flows": {
    "L": 125.0,
    "V": 175.0,
    "Ls": 125.0,
    "Vs": 275.0,
    "B": 50.0
  },
  "spec": {
    "n_stages": 15,
    "feed_stage": 8,
    "P_mmHg": 760.0,
    "F": 100.0,
    "zF_bz": 0.5,
    "q": 0.0,
    "D": 50.0,
    "R": 2.5
  }
}