{
  "converged": true,
  "iters": 3,
  "res_norm": 1.0377861846226174e-10,
  "xD_bz": 0.9579454371780056,
  "xB_bz": 0.04205456282182649,
  "xB_tol": 0.9579454371781735,
  "flows": {
    "L": 100.0,
    "V": 150.0,
    "Ls": 200.0,
    "Vs": 150.0,
    "B": 50.0
  },
  "spec": {
    "n_stages": 15,
    "feed_stage": 8,
    "P_mmHg": 760.0,
    "F": 100.0,
    "zF_bz": 0.5,
    "q": 1.0,
    "D": 50.0,
    "R": 2.0
  }
}