{
  "converged": true,
  "iters": 4,
  "res_norm": 3.482792101610483e-13,
  "xD_bz": 0.9782904062743623,
  "xB_bz": 0.021709593725639353,
  "xB_tol": 0.9782904062743607,
  "flows": {
    "L": 175.0,
    "V": 225.0,
    "Ls": 275.0,
    "Vs": 225.0,
    "B": 50.0
  },
  "spec": {
    "n_stages": 15,
    "feed_stage": 8,
    "P_mmHg": 760.0,
    "F": 100.0,
    "zF_bz": 0.5,
    "q": 1.0,
    "D": 50.0,
    "R": 3.5
  }
}