{
  "converged": true,
  "iters": 4,
  "res_norm": 3.934740668184827e-13,
  "xD_bz": 0.9745182025573255,
  "xB_bz": 0.025481797442674377,
  "xB_tol": 0.9745182025573256,
  "flows": {
    "L": 150.0,
    "V": 200.0,
    "Ls": 250.0,
    "Vs": 200.0,
    "B": 50.0
  },
  "spec": {
    "n_stages": 15,
    "feed_stage": 8,
    "P_mmHg": 760.0,
    "F": 100.0,
    "zF_bz": 0.5,
    "q": 1.0,
    "D": 50.0,
    "R": 3.0
  }
}