{
  "converged": true,
  "iters": 4,
  "res_norm": 8.53546392977085e-13,
  "xD_bz": 0.9808525423738611,
  "xB_bz": 0.019147457626137204,
  "xB_tol": 0.9808525423738628,
  "flows": {
    "L": 200.0,
    "V": 250.0,
    "Ls": 300.0,
    "Vs": 250.0,
    "B": 50.0
  },
  "spec": {
    "n_stages": 15,
    "feed_stage": 8,
    "P_mmHg": 760.0,
    "F": 100.0,
    "zF_bz": 0.5,
    "q": 1.0,
    "D": 50.0,
    "R": 4.0
  }
}