{
  "converged": true,
  "iters": 4,
  "res_norm": 3.7179789421631796e-13,
  "xD_bz": 0.9367637852468338,
  "xB_bz": 0.06323621475316363,
  "xB_tol": 0.9367637852468363,
  "flows": {
    "L": 75.0,
    "V": 125.0,
    "Ls": 175.0,
    "Vs": 125.0,
    "B": 50.0
  },
  "spec": {
    "n_stages": 15,
    "feed_stage": 8,
    "P_mmHg": 760.0,
    "F": 100.0,
    "zF_bz": 0.5,
    "q": 1.0,
    "D": 50.0,
    "R": 1.5
  }
}